Time,ETH Price,Fast Gwei,Average Gwei,Slow Gwei,Fast Mins,Average Mins,Slow Mins,Fast tx USD,Average tx USD,Slow tx USD,Fast erc tx USD,Average erc tx USD,Slow erc tx USD
2021-01-11 08:45:50.425414,923.16,499.0,304.0,304.0,499.0,0.5,0.5,3,3,9.67,9.67,5.89,5.89,36.85,36.85,22.45,22.45
2021-01-11 08:48:50.996237,932.06,499.0,304.0,304.0,499.0,0.5,0.5,3,3,9.77,9.77,5.95,5.95,37.21,37.21,22.67,22.67
2021-01-11 08:51:51.545392,926.92,499.0,304.0,304.0,499.0,0.5,0.5,3,3,9.71,9.71,5.92,5.92,37.0,37.0,22.54,22.54
2021-01-11 08:54:52.079730,926.92,462.0,462.0,462.0,462.0,0.5,0.5,0.5,0.5,8.99,8.99,8.99,8.99,34.26,34.26,34.26,34.26
2021-01-11 08:57:52.660247,940.97,462.0,462.0,462.0,462.0,0.5,0.5,0.5,0.5,9.13,9.13,9.13,9.13,34.78,34.78,34.78,34.78
2021-01-11 09:00:53.181697,953.86,462.0,462.0,462.0,462.0,0.5,0.5,0.5,0.5,9.25,9.25,9.25,9.25,35.25,35.25,35.25,35.25
2021-01-11 09:03:53.786555,966.73,462.0,462.0,462.0,462.0,0.5,0.5,0.5,0.5,9.38,9.38,9.38,9.38,35.73,35.73,35.73,35.73
2021-01-11 09:06:54.456118,966.73,487.0,460.0,460.0,487.0,0,0,0.2,0.2,9.89,9.89,9.34,9.34,37.66,37.66,35.58,35.58
2021-01-11 09:09:55.168795,966.73,487.0,460.0,460.0,487.0,0,0,0.2,0.2,9.89,9.89,9.34,9.34,37.66,37.66,35.58,35.58
2021-01-11 09:12:55.681903,927.11,487.0,460.0,460.0,487.0,0,0,0.2,0.2,9.48,9.48,8.96,8.96,36.12,36.12,34.12,34.12
2021-01-11 09:15:56.212226,939.77,462.0,462.0,462.0,462.0,0.5,0.5,0.5,0.5,9.12,9.12,9.12,9.12,34.73,34.73,34.73,34.73
2021-01-11 09:18:56.785715,939.77,487.0,460.0,460.0,487.0,0,0,0.2,0.2,9.61,9.61,9.08,9.08,36.61,36.61,34.58,34.58
2021-01-11 09:21:57.508666,943.17,462.0,462.0,462.0,462.0,0.5,0.5,0.5,0.5,9.15,9.15,9.15,9.15,34.86,34.86,34.86,34.86
2021-01-11 09:24:58.100389,967.14,487.0,460.0,460.0,487.0,0,0,0.2,0.2,9.89,9.89,9.34,9.34,37.68,37.68,35.59,35.59
2021-01-11 09:27:58.622989,967.14,462.0,462.0,462.0,462.0,0.5,0.5,0.5,0.5,9.38,9.38,9.38,9.38,35.75,35.75,35.75,35.75
2021-01-11 09:30:59.187644,966.71,487.0,460.0,460.0,487.0,0,0,0.2,0.2,9.89,9.89,9.34,9.34,37.66,37.66,35.57,35.57
2021-01-11 09:33:59.866371,978.94,1.0,1.0,1.0,1.0,0.4,0.4,0.4,0.4,0.02,0.02,0.02,0.02,0.08,0.08,0.08,0.08
2021-01-11 09:37:52.630261,978.94,1.0,1.0,1.0,1.0,0.4,0.4,0.4,0.4,0.02,0.02,0.02,0.02,0.08,0.08,0.08,0.08
2021-01-11 09:41:45.312934,1006.94,487.0,460.0,335.0,487.0,0,0,0.1,0.6,10.3,10.3,9.73,7.08,39.23,39.23,37.06,26.99
2021-01-11 09:44:46.149760,1020.23,487.0,460.0,335.0,487.0,0,0,0.1,0.6,10.43,10.43,9.86,7.18,39.75,39.75,37.54,27.34
2021-01-11 09:47:46.679944,1010.49,1.0,1.0,1.0,1.0,0.4,0.4,0.4,0.4,0.02,0.02,0.02,0.02,0.08,0.08,0.08,0.08
2021-01-11 09:51:39.286798,1010.49,1.0,1.0,1.0,1.0,0.4,0.4,0.4,0.4,0.02,0.02,0.02,0.02,0.08,0.08,0.08,0.08
2021-01-11 09:55:31.858518,993.46,1.0,1.0,1.0,1.0,0.4,0.4,0.4,0.4,0.02,0.02,0.02,0.02,0.08,0.08,0.08,0.08
2021-01-11 09:59:24.444220,987.28,1.0,1.0,1.0,1.0,0.4,0.4,0.4,0.4,0.02,0.02,0.02,0.02,0.08,0.08,0.08,0.08
2021-01-11 10:03:17.031147,985.7,372.0,304.0,265.0,372.0,0.4,0.4,3.1,16.5,7.7,7.7,6.29,5.49,29.33,29.33,23.97,20.9
2021-01-11 10:06:17.560098,999.02,372.0,304.0,304.0,372.0,0.4,0.4,2.2,2.2,7.8,7.8,6.38,6.38,29.73,29.73,24.3,24.3
2021-01-11 10:09:18.047898,999.02,450.0,330.0,304.0,460.0,0.5,0.5,3.5,7.1,9.65,9.44,6.92,6.38,36.76,35.96,26.37,24.3
2021-01-11 10:12:18.609916,1001.03,400.0,307.0,304.0,460.0,0.4,0.4,2.2,3.7,9.67,8.41,6.45,6.39,36.84,32.03,24.59,24.35
2021-01-11 10:15:19.182628,992.26,438.0,304.0,265.0,460.0,0.4,0.4,2.7,10.4,9.59,9.13,6.33,5.52,36.52,34.77,24.13,21.04
2021-01-11 10:18:19.682801,992.26,450.0,307.0,265.0,460.0,0.5,0.5,3,17.5,9.59,9.38,6.4,5.52,36.52,35.72,24.37,21.04
2021-01-11 10:21:20.147218,999.96,438.0,304.0,265.0,460.0,0.5,0.4,1.3,11.2,9.66,9.2,6.38,5.56,36.8,35.04,24.32,21.2
2021-01-11 10:24:20.652560,999.96,450.0,304.0,216.0,460.0,0.5,0.4,1,9.7,9.66,9.45,6.38,4.54,36.8,36.0,24.32,17.28
2021-01-11 10:27:21.179653,994.79,483.0,304.0,169.0,483.0,0.5,0.5,1.1,12.2,10.09,10.09,6.35,3.53,38.44,38.44,24.19,13.45
2021-01-11 10:30:21.766550,1004.65,400.0,220.0,154.0,460.0,0.8,0.6,1.8,17.4,9.7,8.44,4.64,3.25,36.97,32.15,17.68,12.38
2021-01-11 10:33:22.325847,1008.8,400.0,307.0,307.0,460.0,0.6,0.5,0.9,0.9,9.75,8.47,6.5,6.5,37.12,32.28,24.78,24.78
2021-01-11 10:36:22.863410,1007.67,460.0,307.0,307.0,460.0,0.5,0.5,0.8,0.8,9.73,9.73,6.5,6.5,37.08,37.08,24.75,24.75
2021-01-11 10:39:23.433655,1007.67,372.0,220.0,148.0,460.0,0.6,0.6,3.5,24.1,9.73,7.87,4.66,3.13,37.08,29.99,17.73,11.93
2021-01-11 10:42:23.914482,1020.53,350.0,213.0,148.0,460.0,0.6,0.6,3.5,18,9.86,7.5,4.56,3.17,37.56,28.57,17.39,12.08
2021-01-11 10:45:24.408628,1020.53,350.0,210.0,162.0,460.0,0.7,0.6,1.3,10.2,9.86,7.5,4.5,3.47,37.56,28.57,17.14,13.23
2021-01-11 10:48:24.938841,1014.91,343.0,169.0,163.0,460.0,0.7,0.6,1.7,1.8,9.8,7.31,3.6,3.47,37.35,27.85,13.72,13.23
2021-01-11 10:51:25.482800,1021.75,335.0,150.0,113.0,460.0,0.7,0.6,1.7,14.7,9.87,7.19,3.22,2.42,37.6,27.38,12.26,9.24
2021-01-11 10:54:26.075322,1021.75,242.0,148.0,106.0,422.0,0.7,0.6,1.5,14.2,9.05,5.19,3.18,2.27,34.49,19.78,12.1,8.66
2021-01-11 10:57:26.650381,1013.23,220.0,134.0,81.0,343.0,0.7,0.6,1.7,15.1,7.3,4.68,2.85,1.72,27.8,17.83,10.86,6.57
2021-01-11 11:00:27.226781,998.9,222.0,132.0,121.0,422.0,0.7,0.6,1.7,1.9,8.85,4.66,2.77,2.54,33.72,17.74,10.55,9.67
2021-01-11 11:03:27.776388,997.8,214.0,127.0,91.0,343.0,0.7,0.6,2.1,20,7.19,4.48,2.66,1.91,27.38,17.08,10.14,7.26
2021-01-11 11:06:28.330782,997.8,200.0,126.0,81.0,285.0,0.7,0.6,1.5,13.5,5.97,4.19,2.64,1.7,22.75,15.96,10.06,6.47
2021-01-11 11:09:28.789067,1004.93,200.0,115.0,81.0,285.0,0.7,0.6,1.7,16.6,6.01,4.22,2.43,1.71,22.91,16.08,9.25,6.51
2021-01-11 11:12:29.257079,1004.93,222.0,110.0,81.0,242.0,0.5,0.5,1.4,11.9,5.11,4.68,2.32,1.71,19.46,17.85,8.84,6.51
2021-01-11 11:15:29.764219,995.98,210.0,109.0,81.0,214.0,0.5,0.5,1.7,15.9,4.48,4.39,2.28,1.69,17.05,16.73,8.68,6.45
2021-01-11 11:18:30.250396,984.75,214.0,109.0,81.0,214.0,0.5,0.5,2,18.2,4.43,4.43,2.25,1.68,16.86,16.86,8.59,6.38
2021-01-11 11:21:30.725676,972.51,154.0,120.0,95.0,214.0,0.5,0.5,3.9,13.9,4.37,3.15,2.45,1.94,16.65,11.98,9.34,7.39
2021-01-11 11:24:31.171110,972.9,250.0,109.0,81.0,250.0,0.5,0.5,1.5,11.5,5.11,5.11,2.23,1.65,19.46,19.46,8.48,6.3
2021-01-11 11:27:31.829952,972.9,150.0,105.0,80.0,156.0,0.5,0.4,1.3,11.4,3.19,3.06,2.15,1.63,12.14,11.67,8.17,6.23
2021-01-11 11:30:32.336400,967.17,150.0,98.0,80.0,154.0,0.5,0.5,1.4,11.7,3.13,3.05,1.99,1.62,11.92,11.61,7.58,6.19
2021-01-11 11:33:32.858035,967.17,148.0,108.0,80.0,154.0,0.4,0.4,3.8,15.7,3.13,3.01,2.19,1.62,11.92,11.45,8.36,6.19
2021-01-11 11:36:33.318841,956.19,154.0,108.0,80.0,154.0,0.5,0.5,1.6,15.7,3.09,3.09,2.17,1.61,11.78,11.78,8.26,6.12
2021-01-11 11:39:33.970434,968.21,154.0,108.0,80.0,154.0,0.5,0.5,1.6,16.2,3.13,3.13,2.2,1.63,11.93,11.93,8.37,6.2
2021-01-11 11:42:34.469244,972.81,150.0,110.0,81.0,154.0,0.4,0.4,3.8,18,3.15,3.06,2.25,1.65,11.99,11.67,8.56,6.3
2021-01-11 11:45:34.976620,972.81,166.0,109.0,81.0,166.0,0.5,0.5,1.8,17.4,3.39,3.39,2.23,1.65,12.92,12.92,8.48,6.3
2021-01-11 11:48:35.487772,985.54,167.0,110.0,81.0,167.0,0.5,0.5,1.8,17.3,3.46,3.46,2.28,1.68,13.17,13.17,8.67,6.39
2021-01-11 11:51:36.005447,1000.88,160.0,132.0,125.0,174.0,0.4,0.4,3.3,4.6,3.66,3.36,2.77,2.63,13.93,12.81,10.57,10.01
2021-01-11 11:54:36.537082,994.64,164.0,131.0,88.0,174.0,0.5,0.4,1.3,11.6,3.63,3.43,2.74,1.84,13.85,13.05,10.42,7.0
2021-01-11 11:57:37.062734,994.64,164.0,150.0,150.0,174.0,0.5,0.4,0.7,0.7,3.63,3.43,3.13,3.13,13.85,13.05,11.94,11.94
2021-01-11 12:00:37.566582,991.42,160.0,115.0,81.0,174.0,0.5,0.4,1.2,13.4,3.62,3.33,2.39,1.69,13.8,12.69,9.12,6.42
2021-01-11 12:03:38.101283,991.42,161.0,148.0,148.0,176.0,0.5,0.4,0.7,0.7,3.66,3.35,3.08,3.08,13.96,12.77,11.74,11.74
2021-01-11 12:06:38.614721,984.96,164.0,144.0,144.0,176.0,0.5,0.4,0.8,0.8,3.64,3.39,2.98,2.98,13.87,12.92,11.35,11.35
2021-01-11 12:09:39.123727,968.94,179.0,98.0,81.0,179.0,0.5,0.5,1.8,15.4,3.64,3.64,1.99,1.65,13.88,13.88,7.6,6.28
2021-01-11 12:12:39.771811,968.94,174.0,98.0,81.0,176.0,0.5,0.5,1.6,14.9,3.58,3.54,1.99,1.65,13.64,13.49,7.6,6.28
2021-01-11 12:15:40.428462,964.27,169.0,96.0,81.0,181.0,0.5,0.4,1.3,21.2,3.67,3.42,1.94,1.64,13.96,13.04,7.41,6.25
2021-01-11 12:18:40.923906,976.47,176.0,96.0,81.0,176.0,0.5,0.5,1.5,14.5,3.61,3.61,1.97,1.66,13.75,13.75,7.5,6.33
2021-01-11 12:21:41.673066,976.47,171.0,88.0,81.0,181.0,0.5,0.5,1.5,11,3.71,3.51,1.8,1.66,14.14,13.36,6.87,6.33
2021-01-11 12:24:42.169626,981.31,166.0,88.0,81.0,176.0,0.5,0.5,1.4,11.1,3.63,3.42,1.81,1.67,13.82,13.03,6.91,6.36
2021-01-11 12:27:42.676880,981.31,156.0,82.0,81.0,176.0,0.5,0.4,1.6,12,3.63,3.21,1.69,1.67,13.82,12.25,6.44,6.36
2021-01-11 12:30:43.160026,974.56,161.0,88.0,81.0,176.0,0.5,0.5,1.3,10,3.6,3.29,1.8,1.66,13.72,12.55,6.86,6.32
2021-01-11 12:33:43.603074,972.07,136.0,82.0,81.0,161.0,0.5,0.4,1.4,8.7,3.29,2.78,1.67,1.65,12.52,10.58,6.38,6.3
2021-01-11 12:36:44.094580,972.07,132.0,82.0,81.0,143.0,0.5,0.5,1.4,13.8,2.92,2.69,1.67,1.65,11.12,10.27,6.38,6.3
2021-01-11 12:39:44.579286,983.88,142.0,82.0,81.0,143.0,0.5,0.5,1.7,15.1,2.95,2.93,1.69,1.67,11.26,11.18,6.45,6.38
2021-01-11 12:42:45.246487,986.0,110.0,85.0,81.0,143.0,0.4,0.4,3.6,6.4,2.96,2.28,1.76,1.68,11.28,8.68,6.7,6.39
2021-01-11 12:45:45.700485,977.41,131.0,82.0,81.0,144.0,0.5,0.4,1.4,9.6,2.96,2.69,1.68,1.66,11.26,10.24,6.41,6.33
2021-01-11 12:48:46.200868,977.41,128.0,88.0,81.0,144.0,0.5,0.4,1.3,11.7,2.96,2.63,1.81,1.66,11.26,10.01,6.88,6.33
2021-01-11 12:51:46.723749,994.2,110.0,88.0,81.0,143.0,0.4,0.4,3.2,13.7,2.99,2.3,1.84,1.69,11.37,8.75,7.0,6.44
2021-01-11 12:54:47.224912,1011.4,113.0,88.0,84.0,142.0,0.5,0.4,1.7,12.8,3.02,2.4,1.87,1.78,11.49,9.14,7.12,6.8
2021-01-11 12:57:47.697992,1019.15,111.0,88.0,81.0,118.0,0.5,0.4,1.2,12.2,2.53,2.38,1.88,1.73,9.62,9.05,7.17,6.6
2021-01-11 13:00:48.358323,1016.96,110.0,88.0,81.0,117.0,0.4,0.4,2.9,14.4,2.5,2.35,1.88,1.73,9.52,8.95,7.16,6.59
2021-01-11 13:03:49.047332,1021.83,112.0,88.0,81.0,117.0,0.5,0.4,1.6,15.1,2.51,2.4,1.89,1.74,9.56,9.16,7.19,6.62
2021-01-11 13:06:49.539274,1021.83,117.0,88.0,82.0,122.0,0.5,0.5,1.4,11.5,2.62,2.51,1.89,1.76,9.97,9.56,7.19,6.7
2021-01-11 13:09:50.055388,1016.46,113.0,88.0,81.0,117.0,0.5,0.5,1.4,11.2,2.5,2.41,1.88,1.73,9.51,9.19,7.16,6.59
2021-01-11 13:12:50.520979,1016.46,111.0,88.0,81.0,117.0,0.5,0.4,1.2,9.3,2.5,2.37,1.88,1.73,9.51,9.03,7.16,6.59
2021-01-11 13:15:50.995186,1020.81,111.0,89.0,81.0,122.0,0.4,0.4,4,13,2.62,2.38,1.91,1.74,9.96,9.06,7.27,6.61
2021-01-11 13:18:51.468772,1027.04,111.0,89.0,82.0,122.0,0.5,0.4,1.4,11,2.63,2.39,1.92,1.77,10.02,9.12,7.31,6.74
2021-01-11 13:21:51.995767,1034.35,117.0,90.0,82.0,127.0,0.5,0.5,1.4,11.5,2.76,2.54,1.95,1.78,10.51,9.68,7.45,6.79
2021-01-11 13:24:52.517983,1034.35,128.0,91.0,82.0,128.0,0.5,0.5,1.7,14.4,2.78,2.78,1.98,1.78,10.59,10.59,7.53,6.79
2021-01-11 13:27:53.052337,1038.55,128.0,97.0,85.0,128.0,0.5,0.5,1.4,14.4,2.79,2.79,2.12,1.85,10.63,10.63,8.06,7.06
2021-01-11 13:30:53.577955,1044.93,128.0,97.0,82.0,128.0,0.5,0.5,1.5,14,2.81,2.81,2.13,1.8,10.7,10.7,8.11,6.85
2021-01-11 13:33:54.083897,1042.75,128.0,98.0,88.0,128.0,0.5,0.5,1.4,10.1,2.8,2.8,2.15,1.93,10.68,10.68,8.18,7.34
2021-01-11 13:36:54.596910,1042.75,129.0,100.0,88.0,129.0,0.5,0.5,1.3,12,2.82,2.82,2.19,1.93,10.76,10.76,8.34,7.34
2021-01-11 13:39:55.089893,1029.94,131.0,98.0,89.0,134.0,0.5,0.5,1.4,10.4,2.9,2.83,2.12,1.92,11.04,10.79,8.07,7.33
2021-01-11 13:42:55.556376,1031.13,134.0,107.0,107.0,134.0,0.5,0.5,1.2,1.2,2.9,2.9,2.32,2.32,11.05,11.05,8.83,8.83
2021-01-11 13:45:56.230002,1031.13,130.0,112.0,112.0,134.0,0.5,0.5,1.1,1.1,2.9,2.81,2.43,2.43,11.05,10.72,9.24,9.24
2021-01-11 13:48:56.694100,1038.23,130.0,98.0,81.0,134.0,0.5,0.4,1.4,11.4,2.92,2.83,2.14,1.77,11.13,10.8,8.14,6.73
2021-01-11 13:51:57.337158,1027.9,128.0,92.0,80.0,134.0,0.5,0.4,1.3,11.2,2.89,2.76,1.99,1.73,11.02,10.53,7.57,6.58
2021-01-11 13:54:57.841378,1032.48,128.0,91.0,80.0,134.0,0.5,0.4,1.3,10.8,2.91,2.78,1.97,1.73,11.07,10.57,7.52,6.61
2021-01-11 13:57:58.360558,1036.85,128.0,91.0,72.0,134.0,0.5,0.4,1.2,10.7,2.92,2.79,1.98,1.57,11.12,10.62,7.55,5.97
2021-01-11 14:00:58.928955,1037.71,128.0,90.0,63.0,134.0,0.5,0.4,1.3,12,2.92,2.79,1.96,1.37,11.12,10.63,7.47,5.23
2021-01-11 14:03:59.433590,1037.71,128.0,82.0,61.0,134.0,0.4,0.4,1.1,12.4,2.92,2.79,1.79,1.33,11.12,10.63,6.81,5.06
2021-01-11 14:06:59.974715,1039.23,128.0,82.0,60.0,134.0,0.4,0.4,0.9,11.8,2.92,2.79,1.79,1.31,11.14,10.64,6.82,4.99
2021-01-11 14:10:00.510667,1039.23,128.0,81.0,60.0,134.0,0.5,0.4,2.2,24.6,2.92,2.79,1.77,1.31,11.14,10.64,6.73,4.99
2021-01-11 14:13:00.974902,1029.03,127.0,81.0,61.0,134.0,0.5,0.4,2.3,22.1,2.9,2.74,1.75,1.32,11.03,10.45,6.67,5.02
2021-01-11 14:16:01.423112,1044.5,126.0,82.0,63.0,134.0,0.5,0.4,1.6,24,2.94,2.76,1.8,1.38,11.2,10.53,6.85,5.26
2021-01-11 14:19:01.877481,1044.5,131.0,82.0,65.0,134.0,0.5,0.5,1.7,25,2.94,2.87,1.8,1.43,11.2,10.95,6.85,5.43
2021-01-11 14:22:02.349770,1054.98,117.0,82.0,77.0,124.0,0.5,0.5,1.4,11.4,2.75,2.59,1.82,1.71,10.47,9.87,6.92,6.5
2021-01-11 14:25:02.842518,1054.98,117.0,82.0,80.0,119.0,0.5,0.5,1.4,10.7,2.64,2.59,1.82,1.77,10.04,9.87,6.92,6.75
2021-01-11 14:28:03.329750,1068.94,119.0,82.0,82.0,119.0,0.5,0.5,1.5,1.5,2.67,2.67,1.84,1.84,10.18,10.18,7.01,7.01
2021-01-11 14:31:03.864708,1067.73,117.0,82.0,82.0,117.0,0.5,0.5,1.3,1.3,2.62,2.62,1.84,1.84,9.99,9.99,7.0,7.0
2021-01-11 14:34:04.377010,1069.91,106.0,85.0,82.0,117.0,0.6,0.6,3.6,4.8,2.63,2.38,1.91,1.84,10.01,9.07,7.28,7.02
2021-01-11 14:37:04.915223,1057.19,106.0,82.0,81.0,117.0,0.6,0.5,1.6,10.7,2.6,2.35,1.82,1.8,9.9,8.96,6.94,6.85
2021-01-11 14:40:05.451138,1049.91,106.0,82.0,81.0,117.0,0.7,0.6,1.8,12.1,2.58,2.34,1.81,1.79,9.83,8.9,6.89,6.8
2021-01-11 14:43:05.946721,1049.91,106.0,101.0,101.0,117.0,0.7,0.6,0.9,0.9,2.58,2.34,2.23,2.23,9.83,8.9,8.48,8.48
2021-01-11 14:46:06.451901,1064.13,106.0,84.0,81.0,117.0,0.7,0.6,1.6,11.8,2.61,2.37,1.88,1.81,9.96,9.02,7.15,6.9
2021-01-11 14:49:07.117297,1064.13,117.0,117.0,117.0,117.0,0.5,0.5,0.5,0.5,2.61,2.61,2.61,2.61,9.96,9.96,9.96,9.96
2021-01-11 14:52:07.565975,1063.44,117.0,117.0,117.0,117.0,0.6,0.6,0.6,0.6,2.61,2.61,2.61,2.61,9.95,9.95,9.95,9.95
2021-01-11 14:55:08.065343,1055.33,489.0,82.0,81.0,489.0,0.5,0.5,2,13.4,10.84,10.84,1.82,1.8,41.28,41.28,6.92,6.84
2021-01-11 14:58:08.552654,1061.72,106.0,82.0,75.0,116.0,0.6,0.5,1.9,18.1,2.59,2.36,1.83,1.67,9.85,9.0,6.96,6.37
2021-01-11 15:01:09.260288,1061.72,199.0,82.0,75.0,199.0,0.5,0.5,1.7,16.4,4.44,4.44,1.83,1.67,16.9,16.9,6.96,6.37
2021-01-11 15:04:09.917686,1064.08,105.0,82.0,75.0,110.0,0.7,0.6,2.1,20.5,2.46,2.35,1.83,1.68,9.36,8.94,6.98,6.38
2021-01-11 15:07:10.374980,1070.33,105.0,82.0,75.0,110.0,0.8,0.6,2.7,24.9,2.47,2.36,1.84,1.69,9.42,8.99,7.02,6.42
2021-01-11 15:10:10.835531,1070.33,105.0,82.0,78.0,110.0,0.9,0.7,3.2,25,2.47,2.36,1.84,1.75,9.42,8.99,7.02,6.68
2021-01-11 15:13:11.391809,1077.79,105.0,90.0,75.0,109.0,0.5,0.5,3.6,17.1,2.47,2.38,2.04,1.7,9.4,9.05,7.76,6.47
2021-01-11 15:16:11.895255,1077.79,106.0,83.0,80.0,109.0,0.6,0.6,2.1,16.8,2.47,2.4,1.88,1.81,9.4,9.14,7.16,6.9
2021-01-11 15:19:12.468226,1074.89,101.0,88.0,84.0,109.0,0.7,0.6,1.8,10.3,2.46,2.28,1.99,1.9,9.37,8.69,7.57,7.22
2021-01-11 15:22:12.987446,1081.09,144.0,89.0,83.0,144.0,0.5,0.5,2.1,14.7,3.27,3.27,2.02,1.88,12.45,12.45,7.7,7.18
2021-01-11 15:25:13.476512,1086.39,122.0,91.0,83.0,122.0,0.5,0.5,1.7,13,2.78,2.78,2.08,1.89,10.6,10.6,7.91,7.21
2021-01-11 15:28:20.003096,1086.39,176.0,91.0,88.0,176.0,0.5,0.5,1.9,11.7,4.02,4.02,2.08,2.01,15.3,15.3,7.91,7.65
2021-01-11 15:31:20.498276,1083.29,133.0,93.0,83.0,133.0,0.5,0.5,1.7,14.9,3.03,3.03,2.12,1.89,11.53,11.53,8.06,7.19
2021-01-11 15:34:21.009544,1082.87,150.0,96.0,83.0,150.0,0.5,0.5,1.7,18.6,3.41,3.41,2.18,1.89,12.99,12.99,8.32,7.19
2021-01-11 15:37:21.532683,1083.95,109.0,97.0,86.0,122.0,0.5,0.4,3.2,20.8,2.78,2.48,2.21,1.96,10.58,9.45,8.41,7.46
2021-01-11 15:40:22.062744,1083.95,119.0,97.0,88.0,122.0,0.5,0.5,1.3,12.2,2.78,2.71,2.21,2.0,10.58,10.32,8.41,7.63
2021-01-11 15:43:22.579894,1076.98,112.0,96.0,84.0,122.0,0.5,0.4,1.2,10.4,2.76,2.53,2.17,1.9,10.51,9.65,8.27,7.24
2021-01-11 15:46:23.078208,1086.03,111.0,96.0,84.0,122.0,0.5,0.4,1.1,9.3,2.78,2.53,2.19,1.92,10.6,9.64,8.34,7.3
2021-01-11 15:49:23.566805,1086.03,111.0,92.0,83.0,122.0,0.4,0.4,3.5,12.3,2.78,2.53,2.1,1.89,10.6,9.64,7.99,7.21
2021-01-11 15:52:24.050607,1093.16,111.0,90.0,75.0,122.0,0.5,0.4,1.2,10.6,2.8,2.55,2.07,1.72,10.67,9.71,7.87,6.56
2021-01-11 15:55:24.602010,1093.16,109.0,88.0,70.0,122.0,0.5,0.4,1.2,10.9,2.8,2.5,2.02,1.61,10.67,9.53,7.7,6.12
2021-01-11 15:58:25.096763,1094.23,107.0,84.0,64.0,122.0,0.4,0.4,3.7,17.2,2.8,2.46,1.93,1.47,10.68,9.37,7.35,5.6
2021-01-11 16:01:25.589885,1092.91,107.0,80.0,58.0,122.0,0.5,0.4,1.4,11.8,2.8,2.46,1.84,1.33,10.67,9.36,6.99,5.07
2021-01-11 16:04:26.304201,1092.39,114.0,80.0,56.0,122.0,0.5,0.4,1.9,19,2.8,2.62,1.84,1.28,10.66,9.96,6.99,4.89
2021-01-11 16:07:26.830401,1092.39,117.0,80.0,56.0,122.0,0.5,0.5,1.9,19.8,2.8,2.68,1.84,1.28,10.66,10.22,6.99,4.89
2021-01-11 16:10:27.340602,1084.02,101.0,79.0,56.0,120.0,0.4,0.3,4,13.9,2.73,2.3,1.8,1.27,10.41,8.76,6.85,4.86
2021-01-11 16:13:27.793177,1084.02,114.0,79.0,67.0,119.0,0.5,0.4,1.8,13.2,2.71,2.6,1.8,1.53,10.32,9.89,6.85,5.81
2021-01-11 16:16:28.266315,1067.22,111.0,79.0,67.0,119.0,0.4,0.4,3.7,8.4,2.67,2.49,1.77,1.5,10.16,9.48,6.74,5.72
2021-01-11 16:19:28.762727,1067.22,113.0,80.0,80.0,119.0,0.5,0.4,1.7,1.7,2.67,2.53,1.79,1.79,10.16,9.65,6.83,6.83
2021-01-11 16:22:29.248474,1058.57,115.0,80.0,80.0,118.0,0.5,0.5,2,2,2.62,2.56,1.78,1.78,9.99,9.74,6.77,6.77
2021-01-11 16:25:32.735119,1058.57,115.0,80.0,80.0,119.0,0.5,0.5,2.1,2.1,2.65,2.56,1.78,1.78,10.08,9.74,6.77,6.77
2021-01-11 16:28:33.200053,1057.45,115.0,84.0,84.0,121.0,0.5,0.4,1.4,1.4,2.69,2.55,1.87,1.87,10.24,9.73,7.11,7.11
2021-01-11 16:31:33.664582,1057.45,117.0,83.0,79.0,121.0,0.5,0.4,1.5,9.4,2.69,2.6,1.84,1.75,10.24,9.9,7.02,6.68
2021-01-11 16:34:34.528662,1051.82,114.0,86.0,76.0,121.0,0.5,0.4,1.2,9.6,2.67,2.52,1.9,1.68,10.18,9.59,7.24,6.4
2021-01-11 16:37:35.169612,1051.82,115.0,85.0,82.0,121.0,0.5,0.4,1.3,8.5,2.67,2.54,1.88,1.81,10.18,9.68,7.15,6.9
2021-01-11 16:40:35.656389,1060.9,114.0,98.0,98.0,121.0,0.5,0.4,0.8,0.8,2.7,2.54,2.18,2.18,10.27,9.68,8.32,8.32
2021-01-11 16:43:36.129436,1060.9,114.0,98.0,98.0,121.0,0.4,0.4,0.8,0.8,2.7,2.54,2.18,2.18,10.27,9.68,8.32,8.32
2021-01-11 16:46:36.637158,1067.87,114.0,85.0,83.0,121.0,0.5,0.4,1.2,7.1,2.71,2.56,1.91,1.86,10.34,9.74,7.26,7.09
2021-01-11 16:49:37.121920,1067.87,113.0,85.0,80.0,121.0,0.5,0.4,1.1,7.7,2.71,2.53,1.91,1.79,10.34,9.65,7.26,6.83
2021-01-11 16:52:37.603252,1071.61,114.0,84.0,80.0,121.0,0.5,0.4,1.2,6.9,2.72,2.57,1.89,1.8,10.37,9.77,7.2,6.86
2021-01-11 16:55:38.118186,1071.61,118.0,80.0,80.0,121.0,0.5,0.5,1.3,1.3,2.72,2.66,1.8,1.8,10.37,10.12,6.86,6.86
2021-01-11 16:58:38.607133,1063.69,113.0,73.0,65.0,121.0,0.5,0.4,1.3,9.7,2.7,2.52,1.63,1.45,10.3,9.62,6.21,5.53
2021-01-11 17:01:39.203125,1063.69,113.0,73.0,59.0,121.0,0.5,0.5,1.3,11.1,2.7,2.52,1.63,1.32,10.3,9.62,6.21,5.02
2021-01-11 17:04:39.695102,1069.72,120.0,68.0,59.0,121.0,0.5,0.5,1.4,10.8,2.72,2.7,1.53,1.33,10.35,10.27,5.82,5.05
2021-01-11 17:07:40.404914,1076.06,98.0,67.0,55.0,120.0,0.5,0.5,3.5,17.2,2.71,2.21,1.51,1.24,10.33,8.44,5.77,4.73
2021-01-11 17:10:40.930222,1076.06,101.0,61.0,54.0,102.0,0.5,0.5,1.5,13.1,2.3,2.28,1.38,1.22,8.78,8.69,5.25,4.65
2021-01-11 17:13:41.551967,1076.14,104.0,61.0,54.0,104.0,0.5,0.5,1.6,15.6,2.35,2.35,1.38,1.22,8.95,8.95,5.25,4.65
2021-01-11 17:16:41.989746,1083.38,91.0,61.0,54.0,102.0,0.7,0.6,2.1,20.2,2.32,2.07,1.39,1.23,8.84,7.89,5.29,4.68
2021-01-11 17:19:42.410933,1079.99,90.0,61.0,56.0,100.0,0.7,0.6,1.8,15.2,2.27,2.04,1.38,1.27,8.64,7.78,5.27,4.84
2021-01-11 17:22:43.032943,1079.99,90.0,61.0,55.0,100.0,0.7,0.6,1.8,16.4,2.27,2.04,1.38,1.25,8.64,7.78,5.27,4.75
2021-01-11 17:25:43.538714,1078.17,90.0,61.0,56.0,98.0,0.7,0.6,1.7,14.7,2.22,2.04,1.38,1.27,8.45,7.76,5.26,4.83
2021-01-11 17:28:44.020016,1078.17,90.0,61.0,55.0,98.0,0.6,0.6,1.6,14.8,2.22,2.04,1.38,1.25,8.45,7.76,5.26,4.74
2021-01-11 17:31:44.466123,1076.08,111.0,61.0,56.0,111.0,0.5,0.5,1.7,15.8,2.51,2.51,1.38,1.27,9.56,9.56,5.25,4.82
2021-01-11 17:34:44.913802,1072.35,117.0,61.0,57.0,117.0,0.5,0.5,2.1,16.4,2.63,2.63,1.37,1.28,10.04,10.04,5.23,4.89
2021-01-11 17:37:45.548673,1068.21,126.0,63.0,57.0,126.0,0.5,0.5,1.8,15.8,2.83,2.83,1.41,1.28,10.77,10.77,5.38,4.87
2021-01-11 17:40:46.169075,1063.87,120.0,66.0,57.0,120.0,0.5,0.5,1.8,18,2.68,2.68,1.47,1.27,10.21,10.21,5.62,4.85
2021-01-11 17:43:46.618121,1063.87,102.0,66.0,60.0,102.0,0.5,0.5,1.8,16.7,2.28,2.28,1.47,1.34,8.68,8.68,5.62,5.11
2021-01-11 17:46:47.095578,1050.3,91.0,71.0,61.0,96.0,0.4,0.4,3.9,11.5,2.12,2.01,1.57,1.35,8.07,7.65,5.97,5.13
2021-01-11 17:49:47.592214,1055.6,92.0,72.0,61.0,96.0,0.5,0.5,1.4,11.9,2.13,2.04,1.6,1.35,8.11,7.77,6.08,5.15
2021-01-11 17:52:48.073812,1054.09,91.0,74.0,61.0,96.0,0.5,0.4,1.3,11.2,2.13,2.01,1.64,1.35,8.1,7.67,6.24,5.14
2021-01-11 17:55:48.551490,1050.6,95.0,75.0,61.0,96.0,0.5,0.5,1.4,11.8,2.12,2.1,1.65,1.35,8.07,7.98,6.3,5.13
2021-01-11 17:58:49.033458,1053.57,95.0,75.0,61.0,96.0,0.5,0.5,1.4,11.8,2.12,2.1,1.66,1.35,8.09,8.01,6.32,5.14
2021-01-11 18:01:49.464688,1056.23,91.0,68.0,66.0,101.0,0.5,0.4,1.2,6.4,2.24,2.02,1.51,1.46,8.53,7.69,5.75,5.58
2021-01-11 18:04:49.896368,1056.23,91.0,78.0,78.0,101.0,0.4,0.4,0.8,0.8,2.24,2.02,1.73,1.73,8.53,7.69,6.59,6.59
2021-01-11 18:07:50.370280,1061.62,91.0,75.0,75.0,101.0,0.5,0.4,1,1,2.25,2.03,1.67,1.67,8.58,7.73,6.37,6.37
2021-01-11 18:10:50.950068,1064.84,91.0,80.0,80.0,101.0,0.5,0.4,0.7,0.7,2.26,2.03,1.79,1.79,8.6,7.75,6.81,6.81
2021-01-11 18:13:51.470782,1064.84,91.0,66.0,55.0,101.0,0.4,0.4,3.1,15.9,2.26,2.03,1.48,1.23,8.6,7.75,5.62,4.69
2021-01-11 18:16:51.966272,1062.61,95.0,61.0,55.0,101.0,0.5,0.4,1.4,11.6,2.25,2.12,1.36,1.23,8.59,8.08,5.19,4.68
2021-01-11 18:19:52.452260,1050.34,91.0,61.0,53.0,101.0,0.5,0.4,1.1,12.2,2.23,2.01,1.35,1.17,8.49,7.65,5.13,4.45
2021-01-11 18:22:52.928078,1045.3,87.0,60.0,53.0,96.0,0.5,0.4,1.3,12.8,2.11,1.91,1.32,1.16,8.03,7.28,5.02,4.43
2021-01-11 18:25:53.581694,1049.7,82.0,60.0,53.0,96.0,0.5,0.4,1.2,11.4,2.12,1.81,1.32,1.17,8.06,6.89,5.04,4.45
2021-01-11 18:28:54.112947,1055.73,80.0,60.0,53.0,96.0,0.4,0.4,2.8,12.6,2.13,1.77,1.33,1.18,8.11,6.76,5.07,4.48
2021-01-11 18:31:54.746467,1056.51,78.0,60.0,53.0,96.0,0.5,0.4,1.1,9.9,2.13,1.73,1.33,1.18,8.11,6.59,5.07,4.48
2021-01-11 18:34:55.225276,1059.42,76.0,58.0,53.0,83.0,0.5,0.4,1.2,8.1,1.85,1.69,1.29,1.18,7.03,6.44,4.92,4.49
2021-01-11 18:37:55.708870,1059.42,76.0,55.0,50.0,80.0,0.5,0.4,1.3,10.4,1.78,1.69,1.22,1.11,6.78,6.44,4.66,4.24
2021-01-11 18:41:48.344558,1066.74,75.0,55.0,48.0,80.0,0.5,0.4,1,10.7,1.79,1.68,1.23,1.08,6.83,6.4,4.69,4.1
2021-01-11 18:45:41.177127,1068.6,71.0,54.0,48.0,80.0,0.5,0.4,1.2,9.3,1.8,1.59,1.21,1.08,6.84,6.07,4.62,4.1
2021-01-11 18:49:33.684443,1069.24,70.0,54.0,48.0,80.0,0.4,0.4,1,9.3,1.8,1.57,1.21,1.08,6.84,5.99,4.62,4.11
2021-01-11 18:53:26.479375,1067.85,70.0,53.0,47.0,80.0,0.4,0.3,3,16.3,1.79,1.57,1.19,1.05,6.83,5.98,4.53,4.02
2021-01-11 18:57:19.051496,1071.29,66.0,53.0,48.0,78.0,0.3,0.3,2.2,8.3,1.75,1.48,1.19,1.08,6.68,5.66,4.54,4.11
2021-01-11 19:01:11.795470,1068.01,66.0,53.0,48.0,78.0,0.3,0.3,2.2,8.3,1.75,1.48,1.19,1.08,6.66,5.64,4.53,4.1
